round,tokens_read,trimmed_before
1,559,0
2,701,0
3,800,0
4,913,0
5,1032,0
6,1103,0
7,1235,0
9,1441,0
10,1673,0
11,1935,0
12,2232,0
13,2479,0
14,2644,0
15,2824,0
16,3010,0
17,3084,0
18,3199,0
19,3368,0
20,3499,0
22,3857,0
23,4221,0
24,4619,0
25,4959,0
26,5136,0
27,5292,0
28,5438,0
29,5540,0
30,5665,0
31,5737,0
33,6211,0
34,6639,0
35,7078,0
36,7487,0
37,7619,0
38,7763,0
39,7911,0
40,8012,0
41,8175,0
42,8366,0
43,8491,0
44,8559,0
46,9083,0
47,9568,0
48,10075,0
49,10579,0
50,11079,0
51,11223,0
52,11383,0
53,11504,0
54,11572,0
55,11659,0
56,11800,0
57,11863,0
59,12478,0
60,13065,0
61,13671,0
62,14213,0
63,14348,0
64,14507,0
65,14715,0
66,14824,0
67,14903,0
68,15031,0
70,15670,0
71,16319,0
72,16960,0
73,17590,0
74,18224,0
75,18380,0
76,18532,0
77,18640,0
78,18813,0
79,18952,0
80,19020,0
81,19110,0
83,19735,0
84,20374,0
85,21008,0
86,21582,0
87,21737,0
88,21876,0
89,22002,0
90,22192,0
91,22339,0
92,22468,0
94,23091,0
95,23690,0
96,24298,0
97,24934,0
98,25594,0
99,26235,0
100,26371,0
101,26545,0
102,26647,0
103,26786,0
104,26926,0
105,27032,0
106,27183,0
108,27832,0
109,28430,0
110,29065,0
111,29723,0
112,30353,0
113,30511,0
114,30684,0
115,16693,1
116,16757,0
117,16845,0
118,16993,0
119,17187,0
121,17350,0
122,17474,0
123,17582,0
124,17648,0
125,17835,0
126,17982,0
127,18070,0
128,18189,0
129,18321,0
130,18403,0
132,18597,0
133,18734,0
134,18832,0
135,18895,0
136,18994,0
137,19069,0
138,19158,0
140,19333,0
141,19471,0
142,19575,0
143,19662,0
144,19761,0
145,19826,0
146,19909,0
147,20072,0
148,20195,0
150,20354,0
151,20488,0
152,20653,0
153,20734,0
154,20873,0
155,20936,0
156,21038,0
157,21157,0
158,21340,0
160,21514,0
161,21649,0
162,21710,0
163,21802,0
164,21921,0
165,22019,0
166,22123,0
167,22195,0
169,22393,0
170,22531,0
171,22630,0
172,22700,0
173,22811,0
174,22938,0
175,23011,0
176,23154,0
177,23245,0
179,23400,0
180,23539,0
181,23686,0
182,23802,0
183,23869,0
184,23997,0
185,24118,0
186,24204,0
187,24374,0
189,24511,0
190,24645,0
191,24748,0
192,24866,0
193,24970,0
194,25153,0
195,25234,0
196,25342,0
198,25481,0
199,25616,0
200,25711,0
201,25773,0
202,25893,0
203,25997,0
205,26153,0
206,26293,0
207,26397,0
208,26461,0
209,26611,0
210,26680,0
211,26912,0
212,27042,0
213,27174,0
214,27289,0
216,27434,0
217,27571,0
218,27680,0
219,27807,0
220,27894,0
221,27981,0
222,28117,0
224,28271,0
225,28408,0
226,28467,0
227,28582,0
228,28705,0
229,28837,0
231,28992,0
232,29128,0
233,29286,0
234,29370,0
235,29465,0
236,29677,0
237,29856,0
238,29942,0
239,30067,0
240,30131,0
242,30289,0
243,30426,0
244,30525,0
245,30642,0
246,16803,1
247,16899,0
248,17007,0
249,17072,0
250,17202,0
252,17380,0
253,17514,0
254,17578,0
255,17717,0
256,17903,0
257,18050,0
258,18157,0
259,18278,0
261,18443,0
262,18581,0
263,18645,0
264,18729,0
265,18830,0
266,18894,0
267,19105,0
269,19264,0
270,19403,0
